{
  "start_time": 1753472807.4478772,
  "distractions": [],
  "engagement_points": 0,
  "end_time": 1753472815.057191
}